precision,accuracy,recall,duration
0.8455468092909044,0.8297101449275363,0.8303673891917015,408.99728512763977
