precision,accuracy,recall,duration
0.9722751322751322,0.9714285714285714,0.9731409805301431,183.1725025177002
