precision,accuracy,recall,duration
0.9679621275410748,0.968,0.9683712859799818,409.46377778053284
