precision,accuracy,recall,duration
0.5113122171945701,0.5111111111111111,0.5111111111111111,198.1568112373352
