precision,accuracy,recall,duration
0.9310405643738977,0.9278350515463918,0.9004806641905179,493.6326777935028
