precision,accuracy,recall,duration
0.2394406901917887,0.2376470588235294,0.23511187926977584,167.8121702671051
