precision,accuracy,recall,duration
0.7454912607470587,0.7534896705750977,0.7550805121704397,585.3480916023254
