precision,accuracy,recall,duration
0.9300374856624857,0.9166666666666666,0.9166666666666667,542.4146614074707
