precision,accuracy,recall,duration
0.5725740690405001,0.7732919254658385,0.5523119122257053,180.22131824493408
