precision,accuracy,recall,duration
0.6174021679623072,0.6161616161616161,0.616161616161616,219.1070556640625
