precision,accuracy,recall,duration
0.8484337056823701,0.8484848484848485,0.8286568326538091,1359.1077208518982
