precision,accuracy,recall,duration
0.5943724002856956,0.593927355278093,0.593927355278093,4066.028894662857
