precision,accuracy,recall,duration
0.9226653843912106,0.9256198347107438,0.9098343685300208,216.9802086353302
