precision,accuracy,recall,duration
0.8039224421577362,0.7928388746803069,0.7976952851952852,360.6961567401886
