precision,accuracy,recall,duration
0.47678770280475047,0.7275,0.4799688139114098,162.85034680366516
