precision,accuracy,recall,duration
0.5436719291658549,0.5357142857142857,0.5339918976130452,227.31435084342957
