precision,accuracy,recall,duration
0.5074123390749852,0.4781818181818182,0.49690076442720105,229.26031041145325
