precision,accuracy,recall,duration
0.3886736582105126,0.3916349809885932,0.3924825174825175,222.34038472175598
