precision,accuracy,recall,duration
0.9275121827563548,0.9271177117711771,0.9268054344667248,669.2461159229279
