precision,accuracy,recall,duration
0.9787234042553192,0.9777777777777777,0.9777777777777779,382.48781752586365
