precision,accuracy,recall,duration
0.9579532757244803,0.9592875318066157,0.9580483563191051,1621.0373525619507
