precision,accuracy,recall,duration
0.48328173374613004,0.48333333333333334,0.4833333333333333,204.20649218559265
