precision,accuracy,recall,duration
0.9640399556048835,0.9509803921568627,0.935525467440361,377.8840310573578
