precision,accuracy,recall,duration
0.9480152314748607,0.9469570072585148,0.9470990941221049,886.8706476688385
