precision,accuracy,recall,duration
0.5859221394742143,0.7325,0.5795934023782124,173.07541012763977
