precision,accuracy,recall,duration
0.8142491994190284,0.8190954773869347,0.8172780772339876,569.9784705638885
