precision,accuracy,recall,duration
0.3949640561656033,0.606516290726817,0.3824651745643178,168.5566463470459
