precision,accuracy,recall,duration
0.975722680559222,0.9794803302574066,0.9639222227997918,1096.2257823944092
