precision,accuracy,recall,duration
0.3404611296337347,0.2917647058823529,0.28819725242259564,0.014602899551391602
