precision,accuracy,recall,duration
0.9918639053254438,0.9982154445165476,0.9989998181487543,792.2908408641815
