precision,accuracy,recall,duration
0.5685253018586351,0.5626666666666666,0.5626666666666665,356.4052035808563
