precision,accuracy,recall,duration
0.49442724458204335,0.49444444444444446,0.49444444444444446,204.59470677375793
