precision,accuracy,recall,duration
0.5058147047422148,0.5055555555555555,0.5055555555555555,199.6428611278534
