precision,accuracy,recall,duration
0.7113719756283475,0.7956043956043956,0.6692353649962008,410.92348074913025
