precision,accuracy,recall,duration
0.8565324040608231,0.8512820512820513,0.8515394006252927,366.05023980140686
