precision,accuracy,recall,duration
0.48297818686168204,0.48333333333333334,0.48333333333333334,0.007629871368408203
