precision,accuracy,recall,duration
0.862890663012262,0.8703125,0.8391970675779259,406.4240527153015
