precision,accuracy,recall,duration
0.6353464605083478,0.6243093922651933,0.62818243783082,140.68104815483093
