precision,accuracy,recall,duration
0.2563852141359075,0.2411764705882353,0.23731852125056094,159.10103845596313
