precision,accuracy,recall,duration
0.9638139723275501,0.9639024390243902,0.9437904109250691,214.06062746047974
