precision,accuracy,recall,duration
0.8613445378151261,0.8352745424292846,0.8556851311953353,368.7592840194702
