precision,accuracy,recall,duration
0.7412437107018904,0.7413333333333333,0.7413333333333334,353.5134491920471
