precision,accuracy,recall,duration
0.3261688156769164,0.3231939163498099,0.32342657342657344,237.41884970664978
