precision,accuracy,recall,duration
0.6468253968253967,0.65625,0.6497975708502024,379.24364829063416
