precision,accuracy,recall,duration
0.9069412662090008,0.9,0.9,176.0165581703186
