precision,accuracy,recall,duration
0.829070779421823,0.8256410256410256,0.8304577997579754,367.5277576446533
