precision,accuracy,recall,duration
0.47163031143613665,0.4722222222222222,0.4722222222222222,197.18593859672546
