precision,accuracy,recall,duration
0.9988998899889988,0.9988888888888889,0.9988888888888888,368.11092257499695
