precision,accuracy,recall,duration
0.845924553668055,0.8461538461538461,0.8377729695862836,365.9991238117218
