precision,accuracy,recall,duration
0.8891470951346121,0.8876666666666667,0.8852518883867287,275.0283942222595
