precision,accuracy,recall,duration
0.8943832953565314,0.8945686900958466,0.8932896848321459,367.7110161781311
