precision,accuracy,recall,duration
0.5902760502528237,0.5902383654937571,0.5902383654937571,4205.2355942726135
