precision,accuracy,recall,duration
0.8628917378917379,0.8571428571428571,0.8690183210281651,380.74366545677185
