precision,accuracy,recall,duration
0.9660002672704958,0.962046908315565,0.9622674079501521,396.1538841724396
