precision,accuracy,recall,duration
0.23500374847472394,0.2376470588235294,0.23556675046850653,156.00763034820557
