precision,accuracy,recall,duration
0.9469097832454598,0.9527806925498427,0.9549808964681763,370.192663192749
