precision,accuracy,recall,duration
0.6671871977906133,0.7288401253918495,0.5911322121409662,275.1649372577667
