precision,accuracy,recall,duration
0.5915916323135894,0.5913734392735528,0.5913734392735528,3974.316346168518
