precision,accuracy,recall,duration
0.37589185050566243,0.3574144486692015,0.35780885780885785,238.56339192390442
