precision,accuracy,recall,duration
0.5187859608745685,0.5253333333333333,0.5253333333333333,354.518675327301
