precision,accuracy,recall,duration
0.7683566433566434,0.8,0.7138888888888889,342.6895318031311
