precision,accuracy,recall,duration
0.22454993195318046,0.2235294117647059,0.22174626178033582,156.77320075035095
