precision,accuracy,recall,duration
0.781683989461705,0.7947368421052632,0.7703068110090735,313.6768310070038
