precision,accuracy,recall,duration
0.7709458445844585,0.8536585365853658,0.7629857397504457,349.9417140483856
