precision,accuracy,recall,duration
0.9933333333333333,0.9933333333333333,0.9933333333333333,243.25096154212952
