precision,accuracy,recall,duration
0.8006507748175313,0.8183333333333334,0.8049747130908383,259.8497996330261
