precision,accuracy,recall,duration
0.9709154929577465,0.9706362153344209,0.9649885265280578,318.8702607154846
