precision,accuracy,recall,duration
0.5741758241758241,0.5740740740740741,0.5740740740740741,299.8118348121643
