precision,accuracy,recall,duration
0.9478122149914571,0.9477922799222438,0.9477027406604872,1102.9925525188446
