precision,accuracy,recall,duration
0.4006597962568112,0.38783269961977185,0.387995337995338,218.4201307296753
