precision,accuracy,recall,duration
0.7661017540189001,0.7816666666666666,0.7728085228085229,253.52279233932495
