precision,accuracy,recall,duration
0.9680336913066151,0.967930029154519,0.9679099233872795,133.96229791641235
