precision,accuracy,recall,duration
0.9842656837691672,0.9839195979899498,0.9839556564909087,382.9600758552551
