precision,accuracy,recall,duration
0.9259259259259259,0.9166666666666666,0.9166666666666666,178.66609501838684
