precision,accuracy,recall,duration
0.7923872076266489,0.7925,0.6526803102127643,166.14604663848877
