precision,accuracy,recall,duration
0.8939336342757583,0.8906666666666667,0.8906666666666667,357.18580985069275
