precision,accuracy,recall,duration
0.9569701773285402,0.9603053435114504,0.9576899320129955,1620.8086757659912
