precision,accuracy,recall,duration
0.8056701468466175,0.8082191780821918,0.8176214345387277,125.70137643814087
