precision,accuracy,recall,duration
0.9014608446144078,0.889,0.8586354110739708,916.473295211792
