precision,accuracy,recall,duration
0.7259715553278949,0.9384444444444444,0.5870684398608556,388.6250250339508
