precision,accuracy,recall,duration
0.8707113687668241,0.7970414201183432,0.9009923447641596,462.6228985786438
