precision,accuracy,recall,duration
0.48377070621922497,0.775,0.49938810351375257,209.62190747261047
