precision,accuracy,recall,duration
0.2213736418419671,0.2235294117647059,0.2223231068989476,168.47392082214355
