precision,accuracy,recall,duration
0.9965596330275229,0.9965156794425087,0.9964953271028038,371.430025100708
