precision,accuracy,recall,duration
0.2278367267397932,0.3206751054852321,0.20292762344839077,297.51400208473206
