precision,accuracy,recall,duration
0.366409026297086,0.34220532319391633,0.3421328671328671,244.2989342212677
