precision,accuracy,recall,duration
0.9523809523809522,0.95,0.9500000000000001,180.11034893989563
