precision,accuracy,recall,duration
0.38544956195877855,0.376425855513308,0.3767482517482518,0.008582353591918945
