precision,accuracy,recall,duration
0.7800179211469533,0.78,0.78,252.62980031967163
