precision,accuracy,recall,duration
0.5835753337669982,0.583427922814983,0.583427922814983,4023.9755005836487
