precision,accuracy,recall,duration
0.594536578292288,0.5944948921679909,0.5944948921679909,4267.228010416031
