precision,accuracy,recall,duration
0.6254271070615034,0.6254256526674233,0.6254256526674233,0.009506702423095703
