precision,accuracy,recall,duration
0.7499180226476889,0.7532104969290899,0.7538675881102217,587.4186956882477
